Customer_ID,Sales__sum,Sales__mean,Sales__median,Sales__std,n_orders,category_diversity,subcat_diversity,Segment,Region,cluster_provisional_kmeans
AA-10315,5563.56,505.77818181818185,41.72,890.0168559506585,5,3,9.0,Consumer,Central,1
AA-10375,1056.39,70.426,17.94,126.50885693895113,9,3,7.0,Consumer,East,0
AA-10480,1790.5120000000002,149.20933333333335,39.650000000000006,176.22919417071796,4,3,7.0,Consumer,Central,0
AA-10645,5086.9349999999995,282.60749999999996,94.55099999999999,429.22218831417126,6,3,9.0,Consumer,East,1
AB-10015,886.156,147.69266666666667,135.346,139.43237127534863,3,3,5.0,Consumer,Central,0
AB-10060,7553.446,430.86777777777775,58.459999999999994,890.0168559506585,8,3,8.0,Home Office,East,1
AB-10105,7553.446,532.65825,103.77199999999999,890.0168559506585,10,3,9.0,Consumer,Central,1
AB-10150,966.71,80.55916666666667,34.126,130.64548225834352,5,3,6.0,Consumer,Central,0
AB-10165,1113.838,79.55985714285714,41.992000000000004,83.04470252160039,8,3,7.0,Consumer,West,0
AB-10255,914.5319999999999,65.32371428571427,19.18,128.15542708843734,9,3,10.0,Home Office,West,0
AB-10600,1515.862,189.48275,67.191,300.1676797580931,4,3,7.0,Corporate,West,0
AC-10420,925.8,185.16,57.576,290.3380627062184,3,3,4.0,Corporate,Central,0
AC-10450,5527.846,532.65825,52.272,761.6026778662948,7,3,6.0,Consumer,South,1
AC-10615,2537.6859999999997,140.98255555555554,24.766,297.67474615548434,5,3,12.0,Corporate,East,0
AC-10660,657.316,109.55266666666667,114.256,79.30650271110603,5,3,4.0,Consumer,Central,0
AD-10180,6106.88,508.9066666666667,107.70500000000001,873.0903060193543,8,3,7.0,Home Office,East,1
AF-10870,2052.908,128.30675,58.177,176.94434896561876,7,3,10.0,Consumer,East,0
AF-10885,861.565,123.0807142857143,63.924,137.03540587103063,4,3,7.0,Consumer,East,0
AG-10270,2582.898,184.4927142857143,39.21,354.3680369356193,5,3,9.0,Consumer,Central,0
AG-10300,367.548,73.5096,31.08,92.27767130135004,4,3,5.0,Corporate,West,0
AG-10330,660.972,73.44133333333333,75.88,66.51761421608565,5,3,7.0,Consumer,Central,0
AG-10390,200.945,25.118125,15.061499999999999,25.31130074231384,5,3,5.0,Consumer,East,0
AG-10495,1419.247,101.37478571428572,42.276,131.65174569304986,7,3,8.0,Corporate,Central,0
AG-10525,1455.038,161.6708888888889,70.26,211.22574630738345,4,3,8.0,Corporate,East,0
AG-10675,3489.0396000000005,232.60264000000004,40.29,605.1739777024465,7,3,10.0,Consumer,South,1
AG-10765,170.584,34.1168,13.456,44.870641305869476,4,3,1.5,Home Office,Central,0
AG-10900,4510.797,214.79985714285712,108.4,265.49996692999525,10,3,11.0,Consumer,West,1
AH-10030,1744.7,158.60909090909092,49.408,206.30546271267494,7,3,10.0,Corporate,East,0
AH-10075,3250.337,162.51685,47.64,223.79020708438304,10,3,11.0,Corporate,East,0
AH-10120,1735.5140000000001,108.46962500000001,74.14,111.20622814745283,7,3,8.0,Home Office,West,0
AH-10195,1587.452,198.4315,66.47,321.53898009372716,4,3,5.0,Corporate,East,0
AH-10210,4805.344,369.64184615384613,171.2,487.2418018974847,9,3,7.0,Consumer,West,1
AH-10465,2495.3916,311.92395,80.024,465.164680086056,5,3,8.0,Consumer,Central,1
AH-10585,738.504,147.70080000000002,63.92,159.0423231822272,4,3,5.0,Consumer,West,0
AH-10690,7553.446,342.9693043478261,70.88,622.8903226267362,12,3,13.0,Corporate,South,1
AI-10855,4375.786,243.09922222222224,65.698,414.36792036639525,10,3,10.0,Consumer,West,1
AJ-10780,4867.344,324.4896,74.0,544.9113577785971,7,3,10.0,Corporate,East,1
AJ-10795,4501.391,214.35195238095235,59.184,349.98999555965537,7,3,13.0,Corporate,West,1
AJ-10945,1829.896,203.32177777777778,50.0,220.10335693361074,6,3,7.0,Consumer,Central,0
AJ-10960,629.2479999999999,125.84959999999998,35.448,186.5151952276275,3,3,5.0,Consumer,East,0
AM-10360,814.012,67.83433333333333,28.619999999999997,77.81714194342031,5,3,7.0,Corporate,West,0
AM-10705,5664.022,257.4555454545455,47.417,399.0274433836692,8,3,11.0,Consumer,South,1
AO-10810,161.28,161.28,161.28,,1,3,1.5,Corporate,West,0
AP-10720,545.932,54.5932,26.4,56.22625091301512,6,3,8.0,Home Office,East,0
AP-10915,3323.556,107.21148387096774,35.1,187.7504876918426,10,3,13.5,Consumer,West,0
AR-10345,1055.694,211.1388,173.95,196.695226213551,4,3,5.0,Corporate,East,0
AR-10405,2236.128,319.44685714285714,122.352,518.9713074494673,5,3,5.0,Corporate,East,1
AR-10510,264.86400000000003,37.83771428571429,26.136,31.032983881209823,5,3,6.0,Consumer,East,0
AR-10540,6608.448,532.65825,52.96,890.0168559506585,6,3,5.0,Consumer,Central,1
AR-10570,88.15,44.075,44.075,10.854089091213503,1,3,2.0,Consumer,South,0
AR-10825,4523.336,347.9489230769231,173.95,486.21514018907,8,3,8.0,Corporate,West,1
AS-10045,3050.692,305.0692,76.92699999999999,459.4493654453968,7,3,6.0,Corporate,South,1
AS-10090,3255.31,130.2124,26.22,245.1701527381885,9,3,12.0,Consumer,East,0
AS-10135,58.82,19.606666666666666,13.36,19.322736176156145,2,3,3.0,Home Office,East,0
AS-10225,4260.784,327.75261538461535,164.88,476.53435169102937,5,3,10.0,Corporate,West,1
AS-10240,503.968,50.3968,42.222,49.66669732616504,5,3,7.0,Consumer,South,0
AS-10285,3214.236,401.7795,66.808,890.0168559506585,6,3,6.0,Corporate,Central,1
AS-10630,833.398,69.44983333333333,12.616,115.29551391243864,7,3,9.0,Home Office,South,0
AT-10435,1166.0720000000001,145.75900000000001,11.36,309.55624544822217,5,3,7.0,Home Office,West,0
AT-10735,3831.864,239.4915,87.94999999999999,639.2038330629753,10,3,9.0,Consumer,East,1
AW-10840,649.376,81.172,17.18,113.98473184974004,4,3,8.0,Consumer,West,0
AW-10930,2852.968,178.3105,34.102,315.35090766150233,7,3,10.0,Home Office,Central,0
AY-10555,497.014,49.7014,44.295,33.17565940464987,4,3,6.0,Corporate,West,0
AZ-10750,1622.0179999999998,135.16816666666665,76.458,169.31616342851473,6,3,7.0,Consumer,West,0
BB-10990,744.3399999999999,93.04249999999999,29.758,135.79540465925726,5,3,7.0,Corporate,West,0
BB-11545,6765.728,338.2864,43.992,570.8899430883421,9,3,8.0,Corporate,Central,1
BC-11125,2933.676,162.982,85.34,189.62036181554663,9,3,6.0,Home Office,West,0
BD-11320,5718.521,300.9747894736842,64.75,608.9845538202261,12,3,8.0,Consumer,West,1
BD-11500,4411.2429999999995,441.12429999999995,128.51999999999998,890.0168559506585,6,3,9.0,Consumer,Central,1
BD-11560,320.54,80.135,78.32,63.104982106539474,2,3,2.0,Home Office,West,0
BD-11605,2783.189,185.54593333333332,53.7,335.1313939428335,6,3,12.0,Consumer,South,0
BD-11620,1538.11,192.26375,173.95,128.78142083584882,6,3,7.0,Consumer,East,0
BD-11635,582.646,116.52919999999999,91.92,82.50372999567959,3,3,5.0,Consumer,East,0
BD-11725,1526.5,152.65,61.365,209.13681269021535,6,3,7.0,Consumer,South,0
BD-11770,658.466,65.8466,49.980999999999995,68.95386488595915,6,3,7.0,Consumer,East,0
BE-11335,4204.676,467.1862222222223,173.95,657.2622170400823,5,3,6.0,Home Office,Central,1
BE-11410,2261.438,452.2876,173.95,678.0426521634166,5,3,4.0,Consumer,Central,1
BE-11455,748.026,74.8026,54.596000000000004,61.300297132141935,5,3,9.0,Home Office,East,0
BF-10975,599.798,46.13830769230769,17.544,84.01941979822742,7,3,6.0,Corporate,South,0
BF-11005,1333.88,133.388,19.637999999999998,214.50893271635823,4,3,6.0,Home Office,West,0
BF-11020,2888.506,137.54790476190476,42.616,232.29896833389182,8,3,11.0,Corporate,Central,0
BF-11080,272.95,45.49166666666667,30.75,38.030081470681424,3,3,4.0,Consumer,East,0
BF-11170,5907.972,218.81377777777777,62.85,346.986792284811,11,3,13.0,Home Office,West,1
BF-11215,1585.162,198.14525,115.768,217.70089706209953,4,3,6.0,Home Office,West,0
BF-11275,791.9899999999999,197.99749999999997,173.95,163.17926875985196,3,3,4.0,Corporate,South,0
BG-11035,2798.948,233.24566666666666,54.692,404.4067761736337,8,3,9.0,Consumer,South,0
BG-11695,1874.172,234.2715,34.599999999999994,375.81229611868747,6,3,8.0,Corporate,East,0
BG-11740,1006.356,143.76514285714285,51.98,189.83083726608504,6,3,6.0,Consumer,West,0
BH-11710,6255.351,260.63962499999997,42.574,425.6982804476318,8,3,12.0,Consumer,South,1
BK-11260,659.1379999999999,41.196124999999995,27.66,51.82834072831195,6,3,10.0,Consumer,West,0
BM-11140,7553.446,532.65825,160.978,890.0168559506585,4,3,11.0,Consumer,Central,1
BM-11575,808.162,80.81620000000001,37.132,86.3242272801275,6,3,7.0,Corporate,East,0
BM-11650,7294.185,251.5236206896552,57.96,378.41034500275094,11,3,10.0,Corporate,Central,1
BM-11785,1338.842,95.63157142857143,29.052,156.24109945884885,10,3,9.0,Consumer,East,0
BN-11470,265.296,44.216,13.896,61.932617215809636,4,3,6.0,Corporate,South,0
BN-11515,1459.344,85.84376470588235,47.18,111.52167557672892,5,3,6.0,Consumer,East,0
BO-11350,2682.728,223.56066666666666,45.983999999999995,446.2100314428648,5,3,7.0,Corporate,East,0
BO-11425,130.83,65.415,65.415,83.91236172340759,2,3,2.0,Consumer,East,0
BP-11050,983.42,140.48857142857142,22.24,217.75557424388865,5,3,6.0,Corporate,East,0
BP-11095,2442.044,122.1022,31.77,169.9691130032624,12,3,9.0,Corporate,West,0
BP-11155,1697.8609999999999,154.351,49.12,288.31448917631593,6,3,6.0,Consumer,East,0
BP-11185,3675.861,204.2145,57.324,351.20429619311324,9,3,12.0,Corporate,West,1
BP-11230,1181.49,196.915,37.34,405.646061671995,5,3,5.0,Consumer,West,0
BP-11290,2475.157,154.6973125,81.22399999999999,182.60417776298502,7,3,8.0,Consumer,Central,0
BS-11365,7553.446,532.65825,57.68,890.0168559506585,5,3,7.0,Corporate,East,1
BS-11380,3887.834,299.06415384615383,139.96,321.6796844299844,5,3,10.0,Corporate,West,1
BS-11590,2454.928,245.4928,47.68,376.6604157808168,6,3,6.0,Corporate,East,0
BS-11665,3288.1099999999997,298.91909090909087,86.376,404.7572403516593,3,3,6.0,Consumer,West,0
BS-11755,2562.382,183.0272857142857,94.56299999999999,227.49803237101048,7,3,10.0,Consumer,West,0
BS-11800,949.4300000000001,118.67875000000001,50.07,167.79563909176628,2,3,5.0,Home Office,East,0
BT-11305,2567.656,285.2951111111111,173.95,466.41269617165347,5,3,6.0,Home Office,West,1
BT-11395,2186.6130000000003,218.66130000000004,56.760000000000005,341.2740415176474,6,3,8.0,Corporate,West,0
BT-11440,603.876,86.268,56.96,121.06905638794196,4,3,5.0,Consumer,East,0
BT-11485,415.19599999999997,138.39866666666666,30.336,188.41500960733816,2,3,3.0,Home Office,East,0
BT-11530,2684.4919999999997,268.44919999999996,135.178,335.44951884127727,5,3,7.0,Home Office,West,1
BT-11680,3196.752,159.8376,78.47999999999999,247.9407145288864,7,3,9.0,Consumer,East,0
BV-11245,1523.2730000000001,108.8052142857143,37.28,174.59664873785238,5,3,7.0,Corporate,Central,0
BW-11065,385.516,128.50533333333334,46.152,170.67740763596493,3,3,3.0,Consumer,East,0
BW-11110,4750.358,279.4328235294118,59.52,729.7517749043365,8,3,10.0,Corporate,East,1
BW-11200,1738.406,173.8406,37.075,263.8075098990845,6,3,8.0,Consumer,East,0
CA-11965,3789.7228,378.97228,83.20400000000001,635.5373828162061,6,3,7.0,Corporate,Central,1
CA-12055,1679.7240000000002,167.97240000000002,101.696,191.66200651215846,5,3,6.0,Home Office,Central,0
CA-12265,2638.3272,164.89545,35.46,258.2757993945491,8,3,8.0,Consumer,South,0
CA-12310,1421.954,129.26854545454546,57.576,157.74643611084446,4,3,7.0,Corporate,East,0
CA-12775,3041.566,178.9156470588235,41.472,310.27708845883643,7,3,11.0,Consumer,East,0
CB-12025,5730.669,260.4849545454545,42.268,351.1668948512574,9,3,12.0,Consumer,West,1
CB-12415,1949.2,162.43333333333334,39.972,404.46712176108576,8,3,8.0,Consumer,East,0
CB-12535,4246.4555,223.49765789473685,97.568,376.6386360211739,8,3,10.0,Corporate,East,1
CC-12100,1685.889,140.49075,52.227000000000004,192.80176831003723,5,3,7.0,Home Office,West,0
CC-12145,2471.65,224.69545454545457,43.02,565.8641148771256,7,3,7.0,Consumer,West,0
CC-12220,3670.258,174.77419047619046,73.68,208.94063590781448,11,3,10.0,Consumer,West,0
CC-12370,7553.446,532.65825,122.382,890.0168559506585,5,3,6.0,Consumer,East,1
CC-12430,2870.05,151.05526315789476,32.4,168.1435956836504,10,3,10.0,Home Office,East,0
CC-12475,1659.438,127.64907692307693,44.94,216.46220863484908,9,3,8.0,Consumer,East,0
CC-12550,113.832,28.458,27.864,21.054428892753183,3,3,3.0,Consumer,West,0
CC-12610,2540.631,211.71925,76.337,349.3126346014478,7,3,9.0,Corporate,South,0
CC-12670,2269.7015,162.12153571428573,55.156000000000006,249.91153624482527,7,3,8.0,Consumer,South,0
CC-12685,2854.1150000000002,237.8429166666667,56.143,351.296102440263,4,3,6.0,Consumer,South,0
CD-11920,2033.968,225.99644444444445,70.56,397.13617650470695,5,3,7.0,Consumer,East,0
CD-11980,639.766,106.62766666666666,55.17,122.64659985122566,3,3,5.0,Consumer,Central,0
CD-12280,1205.584,92.73723076923078,101.4,63.23477628403779,2,3,9.0,Consumer,East,0
CD-12790,1860.732,124.0488,20.16,254.940339955169,5,3,9.0,Home Office,West,0
CG-12040,904.4680000000001,100.49644444444445,29.718,148.3874047646153,6,3,6.0,Home Office,East,0
CG-12520,1148.7800000000002,229.75600000000003,131.376,299.181426910161,3,3,5.0,Consumer,Central,0
CH-12070,1537.236,384.309,173.95,509.44011653448206,3,3,3.0,Home Office,East,1
CJ-11875,16.52,16.52,16.52,,1,3,1.5,Corporate,East,0
CJ-12010,7553.446,532.65825,136.352,890.0168559506585,8,3,12.0,Consumer,East,1
CK-12205,3154.855,98.58921875,40.476,195.33638926085106,13,3,13.0,Consumer,East,0
CK-12325,2945.321,245.44341666666665,58.701,385.393051081492,5,3,8.0,Home Office,East,0
CK-12595,2372.75,94.91,26.85,129.45110278144924,11,3,10.0,Consumer,East,0
CK-12760,1582.109,113.0077857142857,61.5475,169.45204348686278,9,3,10.0,Corporate,East,0
CL-11890,1262.0140000000001,180.28771428571432,40.032,277.87230231751795,4,3,7.0,Consumer,East,0
CL-12565,7553.446,388.5909285714286,127.368,615.881480655222,12,3,11.0,Consumer,West,1
CL-12700,2335.586,333.65514285714283,21.44,490.36457116429494,4,3,6.0,Home Office,West,0
CM-11815,1673.888,167.3888,80.764,190.92389304222772,6,3,7.0,Corporate,West,0
CM-11935,565.392,141.348,49.992000000000004,207.56613802191663,2,3,4.0,Consumer,South,0
CM-12115,1661.6100000000001,237.37285714285716,75.04,268.85064705856587,4,3,5.0,Consumer,East,0
CM-12160,2533.314,361.902,71.376,732.7427834222137,6,3,6.0,Consumer,East,1
CM-12190,1475.144,210.73485714285715,119.94,227.47060564054465,6,3,5.0,Consumer,Central,0
CM-12235,2305.712,288.214,33.374,503.2592862008892,5,3,6.0,Consumer,South,0
CM-12385,7553.446,532.65825,29.130000000000003,890.0168559506585,4,3,6.0,Consumer,South,1
CM-12445,287.99,31.99888888888889,29.9,18.30777616509201,3,3,7.0,Consumer,West,0
CM-12655,5890.508,532.65825,173.95,888.1543289514176,5,3,7.0,Home Office,West,1
CM-12715,3984.4524,306.49633846153847,55.328,392.31924263796003,4,3,8.0,Corporate,Central,1
CP-12085,5402.254,385.8752857142857,47.64,890.0168559506585,8,3,10.0,Corporate,Central,1
CP-12340,5817.187,415.51335714285716,134.304,541.9359262231322,7,3,7.0,Corporate,East,1
CR-12580,2148.852,358.142,112.55,651.731626197164,4,3,6.0,Home Office,West,1
CR-12625,475.9,118.975,83.63,121.50877869520374,3,3,4.0,Home Office,East,0
CR-12730,1600.55,266.7583333333333,123.92000000000002,346.6730993715357,4,3,5.0,Consumer,East,0
CR-12820,1397.8724,199.69605714285714,173.95,170.0493384953012,3,3,6.0,Home Office,Central,0
CS-11845,1278.954,159.86925,18.396,329.54519400954047,5,3,5.0,Corporate,West,0
CS-11860,537.632,76.80457142857142,6.6,178.00197529134067,6,3,5.0,Consumer,East,0
CS-11950,3036.547,138.02486363636365,55.6545,180.8669436322881,11,3,10.0,Consumer,East,0
CS-12130,884.64,126.37714285714286,108.576,112.88648875076322,4,3,4.0,Consumer,West,0
CS-12175,844.4580000000001,105.55725000000001,49.144000000000005,116.28241747910866,5,3,6.0,Corporate,West,0
CS-12250,2754.216,98.36485714285713,37.95,166.07514266912864,12,3,9.0,Corporate,West,0
CS-12355,3202.1620000000003,145.5528181818182,51.31,179.8001485678279,11,3,13.0,Consumer,South,0
CS-12400,3651.8585000000003,260.8470357142857,173.95,248.64641715267894,9,3,7.0,Home Office,South,1
CS-12460,550.644,91.774,53.955,108.62784994650313,2,3,4.0,Consumer,East,0
CS-12490,970.1105,121.2638125,18.380000000000003,195.42051751615347,4,3,6.0,Corporate,East,0
CS-12505,5690.054999999999,532.65825,59.976,890.0168559506585,6,3,7.0,Consumer,West,1
CT-11995,3241.898,180.10544444444446,128.676,219.84491737886566,8,3,11.0,Consumer,Central,1
CV-12295,2830.6279999999997,217.74061538461535,146.86,318.4357128750737,5,3,10.0,Consumer,Central,1
CV-12805,2370.3136,124.75334736842105,51.336,197.64714641086852,9,3,11.0,Corporate,Central,0
CW-11905,1136.592,103.32654545454547,29.04,183.14613856500696,6,3,8.0,Home Office,West,0
CY-12745,2004.0819999999999,200.4082,79.628,240.24266547981117,7,3,6.0,Corporate,West,0
Co-12640,1300.076,162.5095,31.483999999999998,227.44184238173938,5,3,7.0,Consumer,Central,0
DA-13450,156.76,19.595,13.536000000000001,14.952041236662541,4,3,6.0,Home Office,East,0
DB-12910,2171.599,180.96658333333335,53.33,296.636375188227,8,3,7.0,Home Office,South,0
DB-12970,2469.6672,246.96671999999998,74.51599999999999,316.9026023466404,4,3,8.0,Corporate,Central,0
DB-13060,4151.51,415.151,173.95,434.0980527609965,6,3,7.0,Consumer,Central,1
DB-13120,2973.094,212.36385714285714,36.408,431.41798665221984,7,3,10.0,Corporate,East,0
DB-13210,2332.577,111.07509523809524,67.64,190.02857764923272,10,3,9.0,Consumer,Central,0
DB-13270,4655.897,358.14592307692305,72.42,579.1271701788911,8,3,9.0,Home Office,East,1
DB-13360,1081.466,180.24433333333332,133.215,153.65203826525263,5,3,5.0,Home Office,East,0
DB-13405,1711.692,122.26371428571429,65.35,159.5666275420486,4,3,8.0,Consumer,East,0
DB-13555,3908.8028,279.2002,63.78,359.80292899249076,7,3,10.0,Corporate,South,1
DB-13615,1989.05,180.82272727272726,43.584,291.8694213325853,7,3,6.0,Consumer,West,0
DB-13660,1155.202,115.5202,42.465,182.49489347485866,7,3,6.0,Consumer,East,0
DC-12850,3336.168,185.34266666666667,28.152,380.95931845369773,9,3,12.0,Consumer,South,0
DC-13285,1174.618,167.8025714285714,119.8,155.09394889857046,5,3,5.0,Consumer,South,0
DD-13570,269.542,29.949111111111108,25.06,26.344005601106126,6,3,7.0,Consumer,Central,0
DE-13255,2550.874,283.43044444444445,20.04,520.3199414415882,5,3,7.0,Home Office,East,0
DF-13135,2390.534,398.42233333333337,154.144,559.9362490175705,3,3,5.0,Consumer,Central,1
DG-13300,3195.818,399.47725,124.21199999999999,665.8442235984008,5,3,6.0,Corporate,East,1
DH-13075,3487.1980000000003,193.73322222222225,26.6,299.4764835250607,5,3,10.0,Corporate,West,0
DH-13675,1043.096,94.8269090909091,41.4,124.14203638208497,4,3,8.0,Home Office,South,0
DJ-13420,2012.52,402.504,79.44,606.4336651934818,4,3,3.0,Corporate,West,1
DJ-13510,2501.6879999999996,192.43753846153842,45.78,432.8203819531869,8,3,8.0,Corporate,South,0
DJ-13630,3356.398,419.54975,66.78,645.2463253420024,3,3,6.0,Consumer,East,1
DK-12835,3256.48,120.61037037037038,28.784,206.73595402239513,12,3,10.0,Corporate,West,0
DK-12895,4282.176,285.4784,173.95,256.7430376824268,5,3,10.0,Consumer,Central,1
DK-12985,1687.04,210.88,173.95,205.79780771288253,5,3,7.0,Consumer,South,0
DK-13090,2650.557,203.88899999999998,47.904,332.6218646922258,7,3,9.0,Consumer,East,0
DK-13150,797.832,159.5664,50.352,174.94070827797628,2,3,4.0,Corporate,East,0
DK-13225,4802.394,252.75757894736844,30.48,367.91629203549303,9,3,13.0,Corporate,East,1
DK-13375,3318.486,144.28199999999998,32.4,229.32778995220716,8,3,11.0,Consumer,West,0
DL-12865,444.024,63.432,19.65,79.48557642742487,7,3,7.0,Consumer,East,0
DL-12925,3272.2,233.72857142857143,129.84,343.37514268389725,6,3,8.0,Consumer,Central,1
DL-13315,1458.258,85.77988235294117,48.87,96.42775999283243,8,3,9.0,Consumer,East,0
DL-13330,585.02,73.1275,19.883,131.9725127343894,4,3,6.0,Consumer,Central,0
DL-13495,3539.322,294.94350000000003,78.93,528.2874877475676,8,3,10.0,Corporate,West,1
DM-12955,1322.034,146.89266666666668,81.568,250.96279367667233,7,3,6.0,Corporate,Central,0
DM-13015,6345.103,317.25515,56.64,636.6190872022606,7,3,8.0,Consumer,East,1
DM-13345,4074.4719999999998,313.42092307692303,87.92,725.9570945538563,8,3,9.0,Corporate,East,1
DM-13525,1376.792,137.67919999999998,22.955,236.9813465743196,3,3,6.0,Corporate,East,0
DN-13690,2139.79,194.52636363636364,59.98,265.02711658517995,7,3,7.0,Consumer,West,0
DO-13435,1300.0315,100.00242307692308,73.28,108.86456645220666,9,3,9.0,Consumer,West,0
DO-13645,1267.316,115.21054545454545,76.64,112.00948835555283,7,3,6.0,Consumer,East,0
DP-13000,897.524,59.83493333333333,24.784,90.71444229595787,8,3,7.0,Consumer,Central,0
DP-13105,2215.002,158.21442857142856,35.72,267.6232001742273,8,3,8.0,Corporate,West,0
DP-13165,1058.616,264.654,83.34,415.44555350932166,2,3,4.0,Consumer,East,0
DP-13390,5480.723999999999,391.4802857142857,36.332,890.0168559506585,9,3,7.0,Home Office,West,1
DR-12880,6528.034000000001,272.00141666666667,173.95,296.42485078565375,9,3,13.0,Corporate,East,1
DR-12940,7553.446,532.65825,124.36,890.0168559506585,8,3,6.0,Home Office,East,1
DS-13030,1762.213,92.74805263157894,76.776,78.65360632296645,4,3,10.0,Home Office,West,0
DS-13180,2881.8128,144.09064,60.45,188.48381484328095,9,3,11.0,Corporate,Central,0
DV-13045,1119.483,124.387,19.52,231.34622699106205,5,3,7.0,Corporate,South,0
DV-13465,3254.487,250.34515384615386,161.94,261.98548426705065,5,3,7.0,Consumer,West,1
DW-13195,1080.751,120.08344444444444,69.456,118.12833579322863,6,3,8.0,Corporate,West,0
DW-13480,5271.628,479.2389090909091,166.72,675.5987625230606,5,3,8.0,Home Office,Central,1
DW-13540,344.08,38.23111111111111,16.192,42.494470876940106,5,3,7.0,Consumer,Central,0
DW-13585,1204.854,120.4854,69.137,144.4894739758652,7,3,7.0,Corporate,East,0
Dl-13600,755.602,125.93366666666667,17.880000000000003,261.39603542339097,5,3,6.0,Corporate,West,0
Dp-13240,7198.7609999999995,248.23313793103446,44.4,588.1165632436752,11,3,12.0,Home Office,South,1
EA-14035,2752.441,125.11095454545453,58.887,164.9597085046837,12,3,12.0,Corporate,Central,0
EB-13705,3644.978,303.7481666666667,147.54000000000002,380.8382385293677,9,3,7.0,Corporate,Central,1
EB-13750,3236.314,161.8157,35.676,343.212459085147,10,3,10.0,Corporate,East,0
EB-13840,964.448,137.77828571428572,91.84,153.00650527097892,4,3,5.0,Corporate,West,0
EB-13870,2767.219,251.56536363636363,121.792,328.2324763469553,10,3,6.0,Consumer,West,1
EB-13930,944.6000000000001,134.94285714285715,56.82,181.96702758781018,5,3,6.0,Consumer,South,0
EB-13975,1643.255,273.87583333333333,20.664,415.1821066531729,4,3,4.0,Corporate,South,0
EB-14110,3071.126,279.19327272727276,173.95,346.7811212673178,6,3,9.0,Consumer,East,1
EB-14170,1186.326,169.47514285714286,10.816,306.70091763770375,6,3,5.0,Consumer,Central,0
EC-14050,461.914,65.98771428571429,38.16,82.78277326778056,5,3,5.0,Consumer,East,0
ED-13885,3484.92,248.92285714285714,31.272,692.2827312286236,8,3,9.0,Home Office,Central,1
EG-13900,1832.02,203.55777777777777,173.95,180.08339406909354,5,3,8.0,Consumer,East,0
EH-13765,7553.446,368.1622222222223,54.9,890.0168559506585,10,3,11.0,Corporate,West,1
EH-13945,684.1709999999999,40.24535294117646,29.22,34.794120022176834,8,3,9.0,Consumer,Central,0
EH-13990,825.9499999999999,103.24374999999999,83.196,109.95966962709555,6,3,6.0,Consumer,East,0
EH-14005,1219.53,110.86636363636363,64.784,119.07470607922802,7,3,8.0,Home Office,South,0
EH-14125,3082.653,171.2585,75.95,233.92864513030463,10,3,9.0,Home Office,East,0
EH-14185,923.884,115.4855,42.863,195.67434044131298,6,3,4.0,Consumer,East,0
EJ-13720,2162.174,270.27175,113.791,347.39554802713207,4,3,7.0,Consumer,West,0
EJ-14155,2656.691,332.086375,173.95,309.49550585241025,5,3,7.0,Consumer,East,1
EK-13795,1303.478,325.8695,40.894,581.8350518039169,4,3,3.0,Home Office,West,0
EL-13735,124.28,62.14,62.14,34.619948006893374,2,3,2.0,Home Office,Central,0
EM-13810,2567.0099999999998,366.7157142857142,159.98,496.09554126657036,5,3,5.0,Corporate,East,1
EM-13825,2339.598,146.224875,61.504999999999995,164.20313519048085,8,3,9.0,Corporate,Central,0
EM-13960,933.704,155.61733333333333,81.576,215.62054760218624,5,3,5.0,Consumer,Central,0
EM-14065,228.99,38.165,11.221,60.27823397213955,4,3,6.0,Consumer,East,0
EM-14095,1041.0420000000001,104.10420000000002,26.018,166.9375727162702,4,3,7.0,Corporate,West,0
EM-14140,4588.436000000001,218.49695238095242,49.76,363.66157036762576,6,3,11.0,Home Office,West,1
EM-14200,366.822,91.7055,32.473,139.3078737317696,3,3,4.0,Home Office,South,0
EN-13780,2199.366,244.374,128.85,420.52942172575746,4,3,8.0,Consumer,East,0
EP-13915,5478.0608,176.71163870967743,47.616,256.8962059571786,14,3,11.0,Consumer,Central,1
ER-13855,1245.788,249.1576,77.88,354.8591718369415,3,3,4.0,Corporate,South,0
ES-14020,3510.4579999999996,438.80724999999995,173.95,784.1193912211783,5,3,6.0,Consumer,West,1
ES-14080,4657.924,232.8962,100.798,340.87905443791095,9,3,10.0,Corporate,West,1
FA-14230,2984.054,175.53258823529413,74.24,232.79725667387567,7,3,10.0,Corporate,West,0
FC-14245,3418.742,244.19585714285716,61.260000000000005,501.5966348834884,7,3,8.0,Home Office,West,1
FC-14335,3889.366,388.9366,116.464,600.5995536506648,7,3,7.0,Corporate,West,1
FG-14260,1383.144,125.74036363636364,84.784,143.14020323813483,7,3,7.0,Home Office,East,0
FH-14275,4256.272,202.67961904761904,65.568,257.4642339748331,10,3,11.0,Corporate,Central,1
FH-14350,2271.284,162.23457142857143,62.812,234.7056411664208,4,3,9.0,Consumer,South,0
FH-14365,6987.196,532.65825,153.552,890.0168559506585,8,3,9.0,Corporate,West,1
FM-14215,2456.638,163.77586666666667,48.16,284.63585232409963,10,3,10.0,Corporate,South,0
FM-14290,3736.198,186.8099,25.479999999999997,444.21795054347155,9,3,7.0,Home Office,West,0
FM-14380,2523.266,180.23328571428573,135.3,114.54822631432684,9,3,8.0,Consumer,Central,0
FO-14305,2678.438,178.56253333333333,35.712,380.908979838241,10,3,8.0,Consumer,West,0
FP-14320,4046.746,289.0532857142857,54.120000000000005,425.67779904278785,8,3,11.0,Consumer,East,1
FW-14395,79.75,26.583333333333332,19.56,14.811496660814983,3,3,3.0,Corporate,East,0
GA-14515,3797.2320000000004,379.7232,173.95,462.14488735239246,5,3,8.0,Consumer,West,1
GA-14725,1398.382,63.56281818181819,39.995999999999995,81.3427857629652,11,3,12.0,Consumer,Central,0
GB-14530,1568.44,78.422,25.868000000000002,86.67758125739077,11,3,12.0,Corporate,East,0
GB-14575,4716.288,294.768,99.78,453.585019583907,5,3,7.0,Consumer,South,1
GD-14590,1888.07,314.67833333333334,23.66,479.08478697185393,4,3,4.0,Corporate,East,0
GG-14650,2224.0,92.66666666666667,47.163,120.93206995617025,9,3,11.0,Corporate,West,0
GH-14410,2819.4669999999996,165.85099999999997,28.44,283.76217984211706,9,3,10.0,Home Office,West,0
GH-14425,4172.8460000000005,417.28460000000007,99.047,890.0168559506585,4,3,7.0,Consumer,West,1
GH-14485,1361.2440000000001,453.74800000000005,173.95,560.6640991823892,2,3,2.0,Corporate,Central,1
GH-14665,146.94080000000002,48.98026666666667,40.92,26.76855546743853,2,3,3.0,Consumer,Central,0
GK-14620,6497.27,464.09071428571434,173.95,757.6423067318192,9,3,8.0,Corporate,West,1
GM-14440,3582.8199999999997,325.71090909090907,145.764,409.05787007352745,7,3,7.0,Consumer,East,1
GM-14455,3078.624,256.55199999999996,173.95,275.212196026002,6,3,8.0,Home Office,East,1
GM-14500,1255.682,96.59092307692308,34.44,173.1547124368174,10,3,10.0,Consumer,East,0
GM-14680,3163.628,287.60254545454546,173.95,413.4207613926431,6,3,9.0,Consumer,West,1
GM-14695,6049.966,532.65825,48.64,890.0168559506585,3,3,6.0,Corporate,West,1
GP-14740,236.53,47.306,44.91,38.38745537281678,2,3,3.0,Corporate,East,0
GR-14560,1284.38,256.87600000000003,22.5,438.3719531174412,2,3,4.0,Corporate,East,0
GT-14635,7553.446,532.65825,158.49200000000002,890.0168559506585,3,3,5.0,Corporate,East,1
GT-14710,7553.446,407.5903448275862,47.952,858.5737652622465,11,3,13.0,Consumer,East,1
GT-14755,226.436,32.348,33.568,20.426175233427003,4,3,6.0,Consumer,West,0
GW-14605,2189.019,243.2243333333333,173.95,188.22618093533112,7,3,6.0,Consumer,South,0
GZ-14470,4355.150000000001,311.0821428571429,127.28,367.33196174616455,9,3,10.0,Consumer,West,1
GZ-14545,2454.6220000000003,490.92440000000005,173.95,670.1476831690161,4,3,5.0,Corporate,West,1
HA-14905,2163.3,216.33,173.95,200.3036403152862,7,3,8.0,Consumer,East,0
HA-14920,2584.158,143.56433333333334,31.368000000000002,206.76006972476145,8,3,11.0,Consumer,Central,0
HD-14785,251.36,35.90857142857143,18.312,34.57744609258634,3,3,3.0,Home Office,East,0
HE-14800,755.462,94.43275,91.935,58.82948418158559,3,3,4.0,Corporate,East,0
HF-14995,2533.1639999999998,133.32442105263158,58.48,162.76747846316633,7,3,10.0,Consumer,West,0
HG-14845,785.628,78.56280000000001,18.61,115.29524447049457,5,3,5.0,Consumer,East,0
HG-14965,3247.642,191.03776470588235,38.88,459.28142832683875,12,3,8.0,Corporate,West,1
HG-15025,3690.284,335.4803636363636,63.92,640.532371771993,7,3,8.0,Consumer,Central,1
HH-15010,218.668,36.44466666666667,27.464,37.12642792764564,2,3,5.0,Corporate,West,0
HJ-14875,358.1,59.68333333333334,51.61,54.43932439943268,5,3,4.0,Home Office,West,0
HK-14890,4877.784,325.18559999999997,87.168,606.3279354588807,8,3,11.0,Corporate,Central,1
HL-15040,7553.446,532.65825,34.79,890.0168559506585,6,3,7.0,Consumer,South,1
HM-14860,7553.446,411.83824000000004,55.425,890.0168559506585,10,3,10.0,Corporate,Central,1
HM-14980,736.276,105.18228571428571,20.992,182.3408282655627,4,3,4.0,Consumer,West,0
HP-14815,1990.314,199.03140000000002,83.05199999999999,370.9611416092587,7,3,7.0,Home Office,Central,0
HR-14770,940.588,188.11759999999998,16.256,293.28237191621315,4,3,4.0,Home Office,South,0
HR-14830,5248.787,374.91335714285714,122.295,638.3072932438163,7,3,9.0,Corporate,East,1
HW-14935,4827.934,321.8622666666667,173.95,428.50899144483157,7,3,10.0,Corporate,Central,1
HZ-14950,886.52,147.75333333333333,38.528,283.2257804951143,5,3,4.0,Consumer,East,0
IG-15085,744.574,106.36771428571429,61.96,127.29780591158969,4,3,4.0,Consumer,South,0
IL-15100,5040.736,360.0525714285714,92.608,545.5711928885195,7,3,11.0,Consumer,Central,1
IM-15055,48.4,24.2,24.2,22.45771137048475,2,3,2.0,Consumer,West,0
IM-15070,4930.474,234.7844761904762,69.576,439.2656412795814,7,3,13.0,Consumer,West,1
JA-15970,6491.026,270.45941666666664,29.555999999999997,890.0168559506585,8,3,11.0,Consumer,West,1
JB-15400,1791.605,111.9753125,90.886,104.9310134051376,10,3,9.0,Corporate,Central,0
JB-15925,900.552,112.569,24.936,168.65279285646506,3,3,8.0,Consumer,East,0
JB-16000,644.1188,92.01697142857142,24.85,118.03460575585046,7,3,6.0,Consumer,West,0
JB-16045,2518.115,279.79055555555556,27.46,438.58929365156393,5,3,5.0,Home Office,East,0
JC-15340,71.263,17.81575,9.6975,20.26649629931133,4,3,3.0,Consumer,East,0
JC-15385,1058.108,264.527,124.23,356.4060340435704,1,3,4.0,Consumer,West,0
JC-15775,2772.055,173.2534375,90.759,206.77829019506825,9,3,9.0,Consumer,East,0
JC-16105,858.576,95.39733333333334,67.15,97.38663792841399,5,3,7.0,Corporate,East,0
JD-15790,2152.352,307.4788571428571,16.784,663.5627807192094,5,3,5.0,Consumer,Central,0
JD-15895,7553.446,237.83950000000002,58.515,441.72459060047964,11,3,13.0,Corporate,East,1
JD-16015,385.43,35.03909090909091,17.712,41.17188385647309,6,3,7.0,Consumer,Central,0
JD-16060,695.442,115.907,117.866,91.24963889243618,3,3,4.0,Consumer,Central,0
JD-16150,7553.446,519.2959117647059,105.52,716.2642280270126,8,3,11.0,Corporate,West,1
JE-15475,1388.682,106.8216923076923,39.92,206.8874005650516,6,3,6.0,Consumer,Central,0
JE-15610,7553.446,387.74879999999996,92.565,695.5427561444448,7,3,9.0,Corporate,South,1
JE-15715,7553.446,395.3564999999999,42.70399999999999,653.9468587064061,10,3,10.0,Consumer,South,1
JE-15745,6760.8150000000005,293.9484782608696,172.5,513.2677957823389,13,3,10.0,Consumer,South,1
JE-16165,2697.248,385.3211428571429,149.97,703.6529460435802,3,3,5.0,Corporate,Central,1
JF-15190,2239.606,124.42255555555556,85.565,123.58511829657762,6,3,10.0,Consumer,East,0
JF-15295,955.124,68.22314285714286,41.292,64.98962492684404,5,3,9.0,Consumer,West,0
JF-15355,1911.844,119.49025,57.166,204.6458451326747,6,3,8.0,Consumer,West,0
JF-15415,2309.432,177.64861538461537,71.28,394.87589668517757,5,3,8.0,Consumer,West,0
JF-15490,890.95,63.63928571428572,13.14,99.53375029485346,10,3,8.0,Consumer,West,0
JF-15565,4198.332,262.39575,153.756,391.43870961152186,8,3,10.0,Consumer,South,1
JG-15115,2358.676,336.9537142857143,95.97,649.7314084475508,3,3,6.0,Consumer,South,1
JG-15160,6366.392,353.68844444444443,173.95,385.3089420605118,11,3,9.0,Consumer,West,1
JG-15310,2240.58,203.6890909090909,99.488,235.42232979794184,6,3,9.0,Corporate,East,0
JG-15805,1507.018,167.44644444444444,49.632,257.91841799448474,6,3,5.0,Corporate,East,0
JH-15430,309.281,44.183,28.728,35.977449293504215,4,3,5.0,Consumer,South,0
JH-15820,528.91,66.11375,40.17,74.33730828316098,6,3,8.0,Consumer,East,0
JH-15910,959.477,106.60855555555555,69.93,96.5181878833092,7,3,7.0,Consumer,Central,0
JH-15985,7553.446,532.65825,87.955,890.0168559506585,6,3,8.0,Consumer,West,1
JH-16180,2256.3940000000002,451.27880000000005,173.95,334.7097605795206,4,3,4.0,Consumer,East,1
JJ-15445,709.178,118.19633333333333,45.562,142.57262585176255,5,3,6.0,Consumer,East,0
JJ-15760,195.0,65.0,46.2,48.381748624868855,2,3,3.0,Home Office,South,0
JK-15205,4262.2919999999995,355.191,67.908,671.8980185260801,4,3,9.0,Consumer,West,1
JK-15325,383.812,95.953,57.11,120.80085732035734,3,3,3.0,Corporate,Central,0
JK-15370,2136.458,133.528625,66.44,153.7724473035292,7,3,10.0,Consumer,West,0
JK-15625,3760.028,313.33566666666667,156.855,299.99775589564706,7,3,7.0,Consumer,East,1
JK-15640,4760.434,396.70283333333333,24.768,791.2542807910434,9,3,8.0,Home Office,East,1
JK-15730,4769.9,251.04736842105262,62.94,369.5571584045199,9,3,12.0,Consumer,Central,1
JK-16090,3747.668,416.4075555555556,173.95,786.6353920214739,3,3,7.0,Consumer,South,1
JK-16120,2932.484,172.4990588235294,64.944,279.0070159450454,10,3,9.0,Home Office,Central,0
JL-15130,1214.956,101.24633333333333,26.64,263.03350126598406,6,3,7.0,Consumer,South,0
JL-15175,1571.523,224.5032857142857,87.36,316.91947533861776,5,3,7.0,Home Office,West,0
JL-15235,2203.7,220.36999999999998,52.459999999999994,286.32143446444553,5,3,10.0,Consumer,East,0
JL-15505,3173.874,186.6984705882353,34.4,378.23253871760517,6,3,12.0,Consumer,West,0
JL-15835,7553.446,290.19221212121215,69.008,576.8839527052731,10,3,13.0,Consumer,East,1
JL-15850,2725.256,247.75054545454543,87.8,338.8777970255247,6,3,7.0,Consumer,West,0
JM-15250,3159.1220000000003,166.26957894736844,47.952,236.87436760591416,6,3,10.0,Consumer,Central,0
JM-15265,1804.146,138.78046153846154,31.96,279.9286074152406,5,3,8.0,Corporate,Central,0
JM-15535,1733.443,173.3443,80.948,240.85670990401925,7,3,6.0,Consumer,East,0
JM-15580,303.948,43.421142857142854,35.168,34.78385830347448,5,3,6.0,Consumer,West,0
JM-15655,864.947,72.07891666666667,28.164,110.76149995000176,5,3,10.0,Corporate,West,0
JM-15865,7553.446,532.65825,85.246,890.0168559506585,7,3,8.0,Consumer,West,1
JM-16195,2833.9260000000004,149.15400000000002,54.92,228.73074384233237,10,3,7.0,Consumer,West,0
JO-15145,3254.949,250.3806923076923,95.84,427.4801231288196,9,3,8.0,Corporate,West,1
JO-15280,1934.272,175.84290909090907,22.72,323.1635608175694,6,3,7.0,Consumer,West,0
JO-15550,1090.838,99.1670909090909,40.74,138.43664341311845,5,3,7.0,Home Office,East,0
JP-15460,1669.135,111.27566666666667,33.8,259.72685092878044,7,3,9.0,Corporate,East,0
JP-15520,3635.594,227.224625,93.685,300.08742536064943,7,3,9.0,Consumer,West,1
JP-16135,1707.71,131.3623076923077,22.848,198.70428995217347,9,3,7.0,Home Office,East,0
JR-15670,1156.658,385.55266666666665,173.95,322.28523255236706,2,3,3.0,Consumer,West,0
JR-15700,863.88,532.65825,173.95,,1,3,1.5,Consumer,South,0
JR-16210,2201.686,220.16860000000003,124.125,240.79825928136052,5,3,7.0,Corporate,West,0
JS-15595,1417.654,177.20675,30.336,270.7702071075609,4,3,7.0,Corporate,Central,0
JS-15685,990.1959999999999,110.02177777777777,41.472,146.26534073540608,3,3,7.0,Corporate,South,0
JS-15880,3868.02,429.78,172.11,606.9518086116886,5,3,7.0,Consumer,Central,1
JS-15940,469.169,58.646125,16.880499999999998,88.299342515652,5,3,5.0,Home Office,East,0
JS-16030,2516.494,139.80522222222223,63.956,174.58463898891245,6,3,10.0,Consumer,Central,0
JW-15220,7553.446,532.65825,35.424,890.0168559506585,6,3,7.0,Corporate,West,1
JW-15955,1049.2379999999998,104.92379999999999,70.314,116.65386785967374,6,3,7.0,Consumer,East,0
JW-16075,1428.731,204.10442857142857,53.088,349.0283374187341,4,3,5.0,Consumer,South,0
KA-16525,1519.506,138.13690909090909,108.92,118.21983794732131,7,3,7.0,Consumer,East,0
KB-16240,3152.6150000000002,315.2615,150.16199999999998,414.5557646228738,7,3,7.0,Corporate,Central,1
KB-16315,1569.464,71.33927272727273,16.445999999999998,118.30207240876126,9,3,10.0,Consumer,East,0
KB-16405,908.821,100.98011111111111,43.176,133.38181637356388,3,3,6.0,Home Office,West,0
KB-16585,2744.742,119.33660869565219,64.4,216.95877564302796,12,3,11.0,Corporate,West,0
KB-16600,983.922,109.32466666666667,27.24,205.88357070441538,7,3,7.0,Corporate,Central,0
KC-16255,2120.954,212.0954,70.542,402.3057896874521,6,3,5.0,Corporate,South,0
KC-16540,3908.262,532.65825,103.056,890.0168559506585,4,3,4.0,Consumer,West,1
KC-16675,1146.05,163.72142857142856,139.86,145.31850136264728,4,3,5.0,Corporate,South,0
KD-16270,7553.446,517.647375,112.17999999999999,890.0168559506585,5,3,10.0,Consumer,Central,1
KD-16345,1888.964,188.8964,73.995,262.7295079731666,6,3,6.0,Consumer,East,0
KD-16495,7553.446,292.1877142857143,60.69,875.7237016309069,12,3,13.0,Corporate,West,1
KD-16615,907.158,129.594,111.888,90.71667701880031,4,3,4.0,Corporate,West,0
KE-16420,1453.2812000000001,121.10676666666667,60.92,166.19836641117817,7,3,8.0,Corporate,Central,0
KF-16285,7553.446,532.65825,33.935,890.0168559506585,7,3,9.0,Home Office,West,1
KH-16330,3312.864,184.048,42.016,279.59530912247817,8,3,8.0,Corporate,East,0
KH-16360,3100.612,221.47228571428573,30.026,394.38046029523485,6,3,9.0,Consumer,Central,0
KH-16510,5229.695000000001,261.48475,45.29,420.43983613315123,6,3,11.0,Consumer,West,1
KH-16630,3918.9660000000003,230.5274117647059,47.808,382.3912909146629,9,3,8.0,Corporate,East,1
KH-16690,5990.799,399.3866,122.94,887.9230673141356,7,3,7.0,Corporate,West,1
KL-16555,5016.488,228.02218181818182,97.055,325.43812683938444,8,3,9.0,Corporate,South,1
KL-16645,7553.446,488.80100000000004,77.92,890.0168559506585,12,3,12.0,Consumer,Central,1
KM-16225,2260.958,118.99778947368422,44.4,169.99435112169624,6,3,10.0,Corporate,East,0
KM-16375,5620.186,281.0093,132.172,414.20322636740576,8,3,11.0,Home Office,West,1
KM-16660,453.538,50.39311111111111,22.83,62.52270986698442,5,3,7.0,Consumer,West,0
KM-16720,4909.472,175.33828571428572,52.275,268.3406374297632,8,3,12.0,Consumer,West,1
KN-16390,2224.0860000000002,148.2724,47.976,191.08757446663785,8,3,9.0,Corporate,East,0
KN-16450,2171.962,271.49525,161.416,364.7733060106353,5,3,6.0,Corporate,West,1
KN-16705,2003.01,166.9175,35.784,331.5630390993818,7,3,9.0,Home Office,West,0
KS-16300,88.472,22.118,14.934000000000001,18.002981234599265,3,3,4.0,Corporate,South,0
KT-16465,3057.1,218.3642857142857,46.952,338.5728320482062,7,3,7.0,Consumer,Central,0
KT-16480,4642.088400000001,357.0837230769231,83.168,512.2385890293021,10,3,11.0,Consumer,East,1
KW-16435,4416.5199999999995,441.65199999999993,57.06,890.0168559506585,5,3,8.0,Consumer,East,1
KW-16570,449.096,89.8192,69.216,75.78295720806888,4,3,4.0,Consumer,Central,0
LA-16780,7553.446,333.5854615384615,138.0,678.0800281273137,11,3,8.0,Corporate,Central,1
LB-16735,50.188,16.729333333333333,21.48,13.032443413778298,3,3,3.0,Consumer,Central,0
LB-16795,4704.304,204.53495652173913,47.9,315.776270287493,8,3,10.0,Home Office,West,1
LC-16870,2580.7039999999997,86.02346666666666,43.652,100.79377011390491,8,3,11.0,Consumer,West,0
LC-16885,7553.446,333.17939130434786,76.176,665.7527188071163,12,3,10.0,Consumer,West,1
LC-16930,4492.946,320.9247142857143,41.631,655.6416168156817,8,3,8.0,Corporate,West,1
LC-16960,3246.626,463.8037142857143,34.86,890.0168559506585,4,3,5.0,Home Office,South,1
LC-17050,2095.064,232.78488888888887,50.232,296.77919754947635,5,3,7.0,Consumer,West,0
LC-17140,2633.582,138.60957894736842,55.424,262.61023994723854,9,3,9.0,Consumer,East,0
LD-16855,5.304,5.304,5.304,,1,3,1.5,Corporate,Central,0
LD-17005,1961.934,280.27628571428573,77.52,498.1684031227841,4,3,6.0,Consumer,East,0
LE-16810,1469.45,163.27222222222224,29.9,227.9512818223325,6,3,7.0,Consumer,Central,0
LF-17185,3930.5089999999996,245.65681249999997,29.564999999999998,544.7686269436127,7,3,9.0,Consumer,Central,1
LH-16750,287.426,95.80866666666667,8.896,152.5559626672564,3,3,3.0,Consumer,East,0
LH-16900,2295.332,153.02213333333333,123.144,172.61372743038,9,3,7.0,Consumer,South,0
LH-17020,318.239,53.03983333333333,44.736999999999995,38.74907262073077,4,3,5.0,Consumer,West,0
LH-17155,1739.689,91.56257894736842,61.929,100.5920650091888,9,3,10.0,Consumer,West,0
LL-16840,2454.554,245.4554,24.105,399.3609111991586,5,3,7.0,Consumer,South,0
LM-17065,1346.774,192.3962857142857,85.98,228.44563006086315,5,3,5.0,Consumer,South,0
LO-17170,644.35,71.59444444444445,46.32,82.83589381287425,5,3,7.0,Corporate,Central,0
LP-17080,756.606,84.06733333333334,37.59,139.22835099217403,4,3,5.0,Consumer,West,0
LP-17095,3104.439,238.803,69.375,540.8144155237851,6,3,9.0,Consumer,Central,1
LR-16915,5142.892,321.43075,106.406,381.8363878171732,6,3,9.0,Consumer,West,1
LR-17035,1879.306,156.60883333333334,62.66,237.76342937345146,5,3,8.0,Corporate,West,0
LS-16945,2845.27,203.23357142857142,26.222,281.6884542962352,6,3,8.0,Corporate,West,0
LS-16975,2988.674,135.8488181818182,32.53,244.75814074007187,9,3,11.0,Home Office,Central,0
LS-17200,1010.2560000000001,72.16114285714286,15.370000000000001,158.68037301097166,6,3,7.0,Corporate,Central,0
LS-17230,368.88000000000005,61.48000000000001,27.984,69.88271165889316,3,3,5.0,Consumer,Central,0
LS-17245,1008.1360000000001,84.01133333333334,43.007999999999996,88.17535419969927,6,3,6.0,Consumer,East,0
LT-16765,329.876,109.95866666666666,74.352,80.00352315575442,3,3,3.0,Consumer,West,0
LT-17110,2936.252,209.73228571428572,83.955,268.9248570667532,8,3,8.0,Consumer,West,0
LW-16825,2238.061,149.20406666666668,45.12,182.1138833479388,5,3,10.0,Corporate,West,0
LW-16990,3230.308,293.66436363636365,173.95,474.9009319601874,6,3,7.0,Corporate,West,1
LW-17125,1259.04,251.808,127.95,298.0507969625312,3,3,3.0,Consumer,South,0
LW-17215,5420.514,361.3676,54.9,890.0168559506585,7,3,10.0,Consumer,East,1
MA-17560,4299.161,126.44591176470588,38.655,193.70257280629977,11,3,12.0,Home Office,Central,0
MA-17995,2453.284,204.44033333333334,41.8,449.6786784739305,6,3,8.0,Home Office,South,0
MB-17305,1548.702,81.51063157894737,40.44,101.32801276613738,10,3,11.0,Consumer,East,0
MB-18085,1428.231,142.8231,44.0385,196.7492616428049,7,3,8.0,Consumer,Central,0
MC-17275,2725.982,209.69092307692307,55.104,292.9392150118239,8,3,9.0,Consumer,West,0
MC-17425,4432.138,443.2138,81.33000000000001,890.0168559506585,5,3,7.0,Corporate,South,1
MC-17575,1303.893,118.53572727272727,33.9,137.71715835297425,8,3,6.0,Consumer,East,0
MC-17590,2426.067,142.70982352941178,24.85,310.9850816478653,6,3,9.0,Corporate,Central,0
MC-17605,2258.192,125.45511111111111,36.751999999999995,168.98551070393364,8,3,11.0,Corporate,South,0
MC-17635,795.154,99.39425,28.584000000000003,152.38783371924038,4,3,5.0,Corporate,Central,0
MC-17845,3805.714,271.83671428571427,90.34,441.0096233986508,7,3,10.0,Consumer,West,1
MC-18100,2218.98,116.78842105263158,40.68,194.72031184648057,10,3,10.0,Consumer,Central,0
MC-18130,1581.9979999999998,143.81799999999998,26.18,267.04388823562317,5,3,9.0,Corporate,West,0
MD-17350,2716.412,181.09413333333333,47.992,343.1712715519065,6,3,9.0,Consumer,East,0
MD-17860,1204.91,150.61375,33.71,308.72046959102016,5,3,5.0,Corporate,Central,0
ME-17320,7553.446,484.71490909090915,120.58500000000001,804.7815423083938,10,3,11.0,Home Office,South,1
ME-17725,1908.4532,146.80409230769231,35.96,208.38563969455953,8,3,9.0,Consumer,Central,0
ME-18010,1256.944,209.49066666666667,75.184,305.565912975035,4,3,6.0,Corporate,West,0
MF-17665,937.039,117.129875,44.088,185.7144430204897,5,3,5.0,Corporate,East,0
MF-18250,1758.3,146.525,84.36000000000001,150.81321786175832,5,3,5.0,Corporate,South,0
MG-17650,3785.276,270.37685714285715,62.53999999999999,353.1446485626528,7,3,9.0,Home Office,Central,1
MG-17680,2350.188,235.0188,55.835,457.40645208800163,4,3,7.0,Home Office,East,0
MG-17695,1342.282,191.7545714285714,81.552,294.50172389017644,3,3,5.0,Consumer,East,0
MG-17875,1242.8329999999999,177.54757142857142,47.98,283.3612052133326,5,3,7.0,Home Office,Central,0
MG-17890,776.384,59.72184615384616,35.36,60.09411642005972,9,3,10.0,Home Office,West,0
MG-18145,3061.543,382.692875,109.888,438.5748648062715,4,3,7.0,Consumer,East,1
MG-18205,16.739,8.3695,8.3695,5.586850678154913,1,3,2.0,Corporate,South,0
MH-17290,1691.505,169.15050000000002,31.376,279.8969763947878,5,3,8.0,Home Office,East,0
MH-17440,400.016,44.446222222222225,17.248,74.64448102468423,4,3,5.0,Corporate,South,0
MH-17455,2146.694,238.52155555555555,90.64,449.3905531981929,7,3,6.0,Consumer,East,0
MH-17620,1252.8,208.79999999999998,22.97,459.1558497312214,4,3,5.0,Corporate,West,0
MH-17785,2203.7780000000002,200.34345454545456,104.696,244.15473044459478,7,3,6.0,Corporate,East,0
MH-18025,2984.948,298.4948,44.900999999999996,494.1742343795579,5,3,8.0,Consumer,South,1
MH-18115,5503.093,250.1405909090909,90.0,322.7247335159174,9,3,10.0,Home Office,Central,1
MJ-17740,6320.746,421.38306666666665,72.6,890.0168559506585,7,3,8.0,Consumer,West,1
MK-17905,2302.368,135.43341176470588,31.104,268.1773089271021,8,3,9.0,Corporate,South,0
MK-18160,1031.602,93.78200000000001,25.92,172.4238131117625,4,3,5.0,Consumer,South,0
ML-17395,2722.843,136.14215,92.972,132.4273095321493,9,3,10.0,Corporate,West,0
ML-17410,2885.26,206.09,45.876,291.46812637985755,5,3,8.0,Consumer,Central,0
ML-17755,2071.9139999999998,159.378,35.06,242.24057313615597,7,3,8.0,Home Office,South,0
ML-18040,742.082,185.5205,70.356,274.75758721886706,3,3,3.0,Corporate,Central,0
ML-18265,162.232,54.077333333333335,71.98,38.14682714634775,2,3,2.0,Consumer,West,0
MM-17260,1314.023,219.00383333333332,142.264,224.79922366806935,4,3,4.0,Consumer,East,0
MM-17920,3640.2560000000003,242.68373333333335,29.98,481.6828499398847,10,3,9.0,Consumer,East,1
MM-18055,2749.881,144.7305789473684,81.08,220.35433721503995,8,3,11.0,Consumer,West,0
MM-18280,775.414,64.61783333333334,36.679,70.0064305329853,9,3,8.0,Corporate,Central,0
MN-17935,2477.946,247.7946,19.176000000000002,367.549786286369,6,3,6.0,Consumer,Central,0
MO-17500,922.487,184.4974,59.752,301.99749134024273,4,3,5.0,Consumer,East,0
MO-17800,1687.0269999999998,153.3660909090909,106.32,204.7646490986442,8,3,6.0,Home Office,Central,0
MO-17950,154.288,38.572,40.084,12.580926092038428,2,3,2.0,Consumer,Central,0
MP-17470,2945.822,245.4851666666667,99.531,287.9293021565074,6,3,8.0,Home Office,East,0
MP-17965,3983.6420000000003,199.18210000000002,48.992000000000004,391.47215868657423,9,3,10.0,Corporate,Central,1
MP-18175,4757.332,264.29622222222224,133.494,342.0199583530617,8,3,10.0,Home Office,West,1
MR-17545,639.178,106.52966666666667,58.3,125.0269136492886,4,3,5.0,Home Office,East,0
MS-17365,7443.6900000000005,310.15375,62.687999999999995,757.5864690507642,10,3,11.0,Consumer,West,1
MS-17530,475.65599999999995,67.95085714285713,11.808,108.66218638733619,4,3,6.0,Consumer,West,0
MS-17710,1613.402,107.56013333333334,26.982,173.8044707044042,6,3,10.0,Consumer,Central,0
MS-17770,3144.678,165.5093684210526,45.36,233.66919715325258,9,3,11.0,Consumer,East,0
MS-17830,370.348,74.06960000000001,31.2,96.72885433416442,4,3,5.0,Consumer,Central,0
MS-17980,855.116,77.73781818181818,27.216,88.00223995992168,6,3,7.0,Corporate,East,0
MT-17815,2890.139,289.01390000000004,17.024,757.6513941555693,6,3,7.0,Consumer,South,1
MT-18070,1319.4498,119.94998181818183,33.792,169.01533716820975,4,3,6.0,Home Office,Central,0
MV-17485,1560.05,104.00333333333333,20.724,138.3659096984032,9,3,7.0,Consumer,West,0
MV-18190,1734.574,157.68854545454545,39.92,252.39517960863026,7,3,7.0,Consumer,West,0
MW-18220,5341.900000000001,381.56428571428575,173.95,430.24247305827066,7,3,7.0,Consumer,East,1
MW-18235,5253.876,532.65825,173.95,890.0168559506585,2,3,3.0,Corporate,South,1
MY-17380,2254.285,173.40653846153845,32.792,263.0764748745807,7,3,8.0,Corporate,West,0
MY-18295,3601.88,189.57263157894738,15.984,317.58180047915044,10,3,10.0,Corporate,East,0
MZ-17335,593.606,98.93433333333333,22.83,147.96916835296017,4,3,4.0,Home Office,West,0
MZ-17515,2564.906,256.4906,14.643999999999998,633.3393361512365,6,3,7.0,Corporate,West,0
NB-18580,273.87199999999996,136.93599999999998,136.93599999999998,9.922122353609632,2,3,2.0,Corporate,East,0
NB-18655,1972.599,116.03523529411764,56.784,134.95726057326883,9,3,10.0,Corporate,Central,0
NC-18340,2461.404,144.7884705882353,21.5,245.0120530142644,5,3,9.0,Consumer,Central,0
NC-18415,2218.9900000000002,158.49928571428572,37.08,397.01102980191075,6,3,8.0,Consumer,South,0
NC-18535,7553.446,532.65825,58.416,890.0168559506585,7,3,8.0,Corporate,West,1
NC-18625,1821.742,202.41577777777778,65.584,299.418729925909,5,3,8.0,Corporate,Central,0
ND-18370,4326.139,240.34105555555556,46.370999999999995,466.77305521085844,9,3,7.0,Consumer,West,1
ND-18460,2893.455,361.681875,109.4325,534.8496743407541,6,3,6.0,Corporate,South,1
NF-18385,7553.446,532.65825,173.95,695.3595052746051,6,3,9.0,Consumer,East,1
NF-18475,377.16200000000003,94.29050000000001,51.236,123.51802989982205,4,3,4.0,Home Office,Central,0
NF-18595,2031.472,169.28933333333333,74.574,259.383144019994,7,3,6.0,Home Office,East,0
NG-18355,1869.58,116.84875,48.224000000000004,155.89185290471937,5,3,7.0,Corporate,East,0
NG-18430,1395.9379999999999,155.1042222222222,37.94,212.2237843844192,5,3,5.0,Consumer,Central,0
NH-18610,2518.6659999999997,279.8517777777777,149.95,386.51230130287496,6,3,7.0,Corporate,Central,1
NK-18490,572.048,52.004363636363635,18.16,83.08661453118995,7,3,6.0,Home Office,West,0
NL-18310,1418.0900000000001,141.80900000000003,57.184,205.11114886703635,4,3,10.0,Home Office,West,0
NM-18445,6459.344,461.3817142857143,113.776,890.0168559506585,7,3,11.0,Home Office,East,1
NM-18520,2161.979,144.1319333333333,23.076,419.2632255793602,10,3,7.0,Consumer,West,0
NP-18325,5529.62,263.3152380952381,149.97,324.1468031034557,6,3,10.0,Consumer,East,1
NP-18670,3908.402,390.8402,50.495999999999995,692.3286999045404,5,3,8.0,Consumer,Central,1
NP-18685,1164.73,194.12166666666667,17.496000000000002,396.56840875978344,5,3,4.0,Home Office,East,0
NP-18700,7553.446,532.65825,173.95,890.0168559506585,7,3,8.0,Consumer,West,1
NR-18550,2367.277,182.09823076923078,173.95,155.86772528127486,5,3,9.0,Consumer,South,0
NS-18505,2575.863,171.7242,74.352,236.047944194213,4,3,10.0,Consumer,Central,0
NS-18640,2857.753,124.25013043478262,58.464,157.06673541995522,12,3,13.0,Corporate,West,0
NW-18400,7234.014,328.8188181818182,87.70400000000001,622.1492439791074,7,3,13.5,Consumer,East,1
NZ-18565,2488.31,124.4155,37.730000000000004,211.60832516691625,9,3,10.0,Home Office,West,0
ON-18715,1567.52,104.50133333333333,50.8,159.8766656406774,9,3,12.0,Corporate,East,0
OT-18730,3818.624,381.8624,173.95,523.4032706727513,5,3,8.0,Consumer,West,1
PA-19060,729.408,104.20114285714286,91.68,112.66984211022422,6,3,4.0,Home Office,Central,0
PB-18805,740.356,74.0356,52.9,63.46034272275,3,3,4.0,Home Office,West,0
PB-19105,688.324,137.66479999999999,17.94,261.31742573965477,4,3,5.0,Consumer,Central,0
PB-19150,1456.95,132.45000000000002,70.008,154.38867470640457,8,3,8.0,Consumer,West,0
PB-19210,132.738,66.369,66.369,5.036014495610594,2,3,2.0,Corporate,Central,0
PC-18745,1832.064,366.4128,70.008,677.2649451161635,4,3,4.0,Corporate,West,1
PC-19000,1061.488,353.82933333333335,49.792,564.3206406196156,2,3,3.0,Home Office,West,0
PF-19120,7553.446,476.99284210526315,94.6,890.0168559506585,4,3,10.0,Consumer,East,1
PF-19165,2770.0,277.0,82.1,407.1306321617724,6,3,9.0,Consumer,West,1
PF-19225,2206.1279999999997,220.61279999999996,85.33,336.9848814586989,5,3,8.0,Consumer,West,0
PG-18820,3086.907,118.72719230769232,49.851,154.72021513997947,13,3,10.0,Consumer,West,0
PG-18895,1987.164,116.892,58.112,153.3804410558921,9,3,9.0,Consumer,West,0
PH-18790,729.648,364.824,173.95,451.3151457330011,1,3,2.0,Home Office,South,0
PJ-18835,1220.09,93.85307692307691,37.0,220.5601623331155,8,3,7.0,Corporate,South,0
PJ-19015,1677.536,239.648,18.28,514.4150653431527,6,3,6.0,Consumer,West,0
PK-18910,1441.152,480.384,173.95,587.3002384028122,2,3,3.0,Home Office,East,1
PK-19075,7553.446,345.87735999999995,35.168,885.4624507144501,12,3,11.0,Consumer,East,1
PL-18925,239.481,29.935125,22.085,24.67176419331853,5,3,7.0,Home Office,East,0
PM-18940,1405.402,351.3505,150.871,474.5419659907154,3,3,3.0,Consumer,Central,0
PM-19135,4115.662,532.65825,173.95,820.8694210217429,4,3,6.0,Home Office,East,1
PN-18775,1467.152,112.85784615384615,59.48,167.32488616154612,8,3,10.0,Home Office,South,0
PO-18850,7473.8282,339.7194636363636,51.896,890.0168559506585,11,3,11.0,Consumer,South,1
PO-18865,2493.214,191.7856923076923,133.2,164.89449778943734,7,3,8.0,Consumer,East,0
PO-19180,4893.043,271.8357222222222,110.568,318.28390746549934,9,3,12.0,Home Office,Central,1
PO-19195,1056.858,105.6858,69.876,119.45045523358675,5,3,6.0,Home Office,East,0
PP-18955,7252.608,213.312,109.9,410.99828264508864,10,3,13.5,Home Office,East,1
PR-18880,1840.178,153.34816666666669,92.25200000000001,174.91051562017404,5,3,8.0,Consumer,West,0
PS-18760,2181.479,103.87995238095237,36.544,122.19060100289063,6,3,9.0,Consumer,East,0
PS-18970,1278.639,98.35684615384615,36.44,108.46270058399966,8,3,8.0,Home Office,West,0
PS-19045,6843.634,526.4333846153846,67.98,890.0168559506585,7,3,8.0,Home Office,South,1
PT-19090,158.46,26.41,5.926,36.31345189871104,3,3,5.0,Consumer,South,0
PV-18985,2876.046,221.23430769230768,26.72,444.1189947501654,5,3,9.0,Home Office,West,0
PW-19030,3454.916,265.76276923076927,111.96,417.26010593516565,10,3,9.0,Corporate,East,1
PW-19240,3922.4150000000004,326.8679166666667,41.49,713.3157224206171,7,3,8.0,Consumer,East,1
QJ-19255,6108.338,469.8721538461538,114.95,890.0168559506585,9,3,8.0,Corporate,East,1
RA-19285,2617.906,153.9944705882353,22.23,299.29018892751014,9,3,9.0,Consumer,West,0
RA-19885,3546.224,272.78646153846154,71.88,405.71099685790614,6,3,9.0,Corporate,West,1
RA-19915,4793.543,217.88831818181816,57.370000000000005,444.02713108884365,9,3,9.0,Consumer,Central,1
RA-19945,1686.9225,187.43583333333333,146.352,191.49251911563022,5,3,6.0,Consumer,Central,0
RB-19330,1008.1959999999999,168.03266666666664,34.46,258.49526755487545,2,3,5.0,Consumer,Central,0
RB-19360,7553.446,532.65825,33.8,890.0168559506585,6,3,10.0,Consumer,East,1
RB-19435,1864.156,143.3966153846154,32.784,228.00287996629137,7,3,9.0,Consumer,West,0
RB-19465,4715.466,205.02026086956522,93.248,281.008947251477,12,3,10.0,Home Office,Central,1
RB-19570,528.546,58.72733333333334,38.9,59.06349049963099,5,3,8.0,Consumer,Central,0
RB-19645,221.084,31.583428571428573,20.32,22.1937752748914,5,3,6.0,Corporate,South,0
RB-19705,2067.45,295.34999999999997,70.98,405.1246875732622,4,3,5.0,Home Office,East,0
RB-19795,5633.316000000001,312.96200000000005,81.862,511.60648296494907,8,3,8.0,Home Office,South,1
RC-19825,966.409,96.6409,35.66,107.25708254723529,6,3,9.0,Consumer,West,0
RC-19960,652.644,81.5805,46.76,87.84453673393696,4,3,7.0,Consumer,East,0
RD-19480,4272.93,284.862,99.3,483.5205040456624,8,3,7.0,Consumer,West,1
RD-19585,2832.904,157.38355555555555,43.14,255.47163794837604,9,3,9.0,Consumer,South,0
RD-19660,2745.892,532.65825,173.95,657.6680902167394,4,3,4.0,Home Office,Central,1
RD-19720,1419.737,70.98685,43.576,77.37534000964322,10,3,11.0,Consumer,West,0
RD-19810,1137.616,71.101,32.888,104.60833106402185,8,3,9.0,Home Office,Central,0
RD-19900,3133.924,149.2344761904762,39.88,248.5671409176239,9,3,9.0,Consumer,West,0
RD-19930,970.9420000000001,97.09420000000001,23.424,190.00763957144224,4,3,9.0,Consumer,Central,0
RE-19405,48.36,48.36,48.36,,1,3,1.5,Consumer,East,0
RE-19450,666.52,111.08666666666666,87.245,88.52703715061668,4,3,5.0,Consumer,Central,0
RF-19345,3309.15,206.821875,56.760000000000005,390.59026987469014,8,3,8.0,Corporate,South,0
RF-19735,2341.2960000000003,167.2354285714286,100.265,173.98564211394628,7,3,10.0,Consumer,Central,0
RF-19840,938.862,93.8862,44.840999999999994,116.17090237117611,7,3,7.0,Consumer,South,0
RH-19495,3621.3759999999997,452.67199999999997,35.92,836.3925555513479,5,3,4.0,Consumer,East,1
RH-19510,6979.18,532.65825,98.175,890.0168559506585,6,3,8.0,Home Office,West,1
RH-19555,740.382,246.79399999999998,27.396,396.7259949789023,2,3,2.0,Consumer,South,0
RH-19600,2085.7400000000002,189.61272727272728,173.95,164.94584629452837,3,3,8.0,Consumer,South,0
RK-19300,1460.192,182.524,102.285,270.2768426357369,3,3,5.0,Consumer,Central,0
RL-19615,6234.91,259.78791666666666,49.34,362.70514998212803,8,3,12.0,Consumer,Central,1
RM-19375,1453.474,161.4971111111111,79.92,184.79936259389834,6,3,8.0,Consumer,East,0
RM-19675,5979.0960000000005,532.65825,149.95,890.0168559506585,5,3,7.0,Home Office,East,1
RM-19750,98.35,49.175,49.175,32.2369981542947,1,3,2.0,Consumer,East,0
RO-19780,3815.478,317.9565,120.89,477.1643808966199,7,3,8.0,Consumer,Central,1
RP-19270,954.6452,79.55376666666668,34.480000000000004,104.60584358889442,4,3,6.0,Corporate,West,0
RP-19390,5153.084,206.12336,25.92,574.6274815138123,12,3,10.0,Consumer,East,1
RP-19855,2055.356,146.81114285714287,64.491,209.31751599125016,7,3,7.0,Corporate,Central,0
RR-19315,615.932,153.983,44.044,246.4697928509699,2,3,4.0,Consumer,Central,0
RR-19525,3302.2619999999997,330.22619999999995,173.95,418.2419371123741,6,3,6.0,Corporate,East,1
RS-19420,3221.29,357.9211111111111,79.47,465.165502037835,5,3,6.0,Corporate,East,1
RS-19765,4159.7699999999995,297.12642857142856,173.95,335.21734330952285,8,3,9.0,Corporate,South,1
RS-19870,22.328,7.442666666666667,7.28,2.128666562271633,2,3,3.0,Home Office,Central,0
RW-19540,7397.401,321.6261304347826,119.904,569.37758232671,7,3,9.0,Corporate,West,1
RW-19630,3279.746,204.984125,32.315,359.56650055270256,9,3,11.0,Corporate,Central,0
RW-19690,3495.646,233.04306666666668,33.99,488.5503376871308,5,3,6.0,Consumer,Central,0
SA-20830,4767.3415,227.01626190476193,27.496,597.7291043838677,10,3,9.0,Consumer,South,1
SB-20170,1348.02,192.5742857142857,24.588,318.42970091670907,3,3,6.0,Consumer,East,0
SB-20185,6410.996,532.65825,88.38300000000001,879.9927457985439,6,3,9.0,Consumer,West,1
SB-20290,7553.446,473.9935882352941,64.784,890.0168559506585,7,3,10.0,Corporate,East,1
SC-20020,3362.9636,197.8213882352941,62.94,226.90532903650006,5,3,9.0,Consumer,Central,0
SC-20050,4624.572,308.3048,82.56,536.8815005124103,9,3,9.0,Home Office,West,1
SC-20095,7553.446,532.65825,92.31,890.0168559506585,9,3,10.0,Consumer,West,1
SC-20230,4371.9580000000005,397.4507272727273,47.616,862.2101946640495,4,3,7.0,Corporate,West,1
SC-20260,3729.7929999999997,207.21072222222222,35.205,396.9007698556116,8,3,13.0,Corporate,West,1
SC-20305,3650.473,365.0473,41.86,865.0902563601929,6,3,7.0,Consumer,Central,1
SC-20380,5992.536,299.6268,94.161,503.2552749200998,9,3,11.0,Consumer,South,1
SC-20440,1874.998,187.4998,71.49000000000001,347.20262468215554,7,3,6.0,Corporate,East,0
SC-20575,799.798,133.29966666666667,24.294999999999998,254.73750959422264,4,3,3.0,Consumer,South,0
SC-20680,1254.64,156.83,77.12,271.10873880630055,6,3,6.0,Home Office,West,0
SC-20695,2576.408,184.02914285714286,71.088,225.6134988278907,10,3,9.0,Corporate,Central,0
SC-20725,5226.21,201.0080769230769,48.912,283.111586722398,11,3,12.0,Consumer,West,1
SC-20770,4492.657,213.93604761904763,125.976,224.78318553318798,7,3,12.0,Corporate,East,1
SC-20800,279.25600000000003,55.851200000000006,46.344,64.35314465665216,4,3,4.0,Consumer,Central,0
SC-20845,14.112,14.112,14.112,,1,3,1.5,Consumer,Central,0
SD-20485,6121.114,291.481619047619,62.82,818.2719113452737,9,3,11.0,Home Office,Central,1
SE-20110,7553.446,532.65825,53.984,890.0168559506585,11,3,11.0,Consumer,West,1
SF-20065,763.5459999999999,84.83844444444443,45.04,82.22296418749313,7,3,5.0,Consumer,East,0
SF-20200,3422.7859999999996,228.1857333333333,25.99,676.6643985639587,9,3,8.0,Consumer,West,1
SF-20965,3336.535,196.26676470588234,29.664,357.85384733636886,9,3,9.0,Corporate,Central,0
SG-20080,3406.5809999999997,309.6891818181818,46.84,421.5599201301799,3,3,10.0,Consumer,West,1
SG-20470,1884.798,134.62842857142857,37.62,268.0768533136933,8,3,10.0,Consumer,South,0
SG-20605,3118.892,259.90766666666667,45.378,482.7457281380284,5,3,7.0,Consumer,East,0
SG-20890,47.946,9.5892,8.928,6.470610419427212,3,3,4.0,Corporate,Central,0
SH-19975,2465.6594999999998,102.7358125,33.348,148.05036162553756,12,3,12.0,Corporate,West,0
SH-20395,2180.718,145.38119999999998,31.95,255.08439658451417,10,3,10.0,Consumer,East,0
SH-20635,2096.392,532.65825,173.95,503.069705261607,2,3,2.0,Corporate,South,1
SJ-20125,3949.656,164.569,39.58,317.217393826516,12,3,11.0,Home Office,South,1
SJ-20215,1341.036,134.1036,118.744,127.05238984083165,6,3,6.0,Consumer,Central,0
SJ-20500,1318.776,188.39657142857143,97.264,251.78052482195488,5,3,6.0,Consumer,East,0
SK-19990,883.409,176.6818,121.94,260.1662236382732,3,3,4.0,Consumer,East,0
SL-20155,3046.532,380.8165,63.799,579.8430399328524,6,3,6.0,Home Office,Central,1
SM-20005,244.49399999999997,40.748999999999995,24.651,37.93031382416971,4,3,5.0,Consumer,East,0
SM-20320,7553.446,532.65825,30.768,890.0168559506585,5,3,9.0,Home Office,South,1
SM-20905,1043.041,173.84016666666665,164.07999999999998,151.29489765939454,1,3,5.0,Consumer,East,0
SM-20950,4464.862,223.2431,62.928,418.3141645426821,11,3,10.0,Corporate,East,1
SN-20560,1860.418,124.02786666666665,31.05,203.93205754503725,6,3,7.0,Home Office,West,0
SN-20710,3127.9592,164.62943157894736,107.97,161.692056708372,7,3,10.0,Home Office,Central,0
SO-20335,2602.5755,173.50503333333333,41.86,250.28005683665555,6,3,9.0,Consumer,South,0
SP-20545,1306.086,130.6086,47.516000000000005,156.7703326697299,6,3,6.0,Corporate,East,0
SP-20620,5440.319,226.67995833333336,44.480000000000004,469.10893076689456,9,3,11.0,Corporate,East,1
SP-20650,1872.4360000000001,124.82906666666668,89.97,101.11948601493091,9,3,8.0,Corporate,East,0
SP-20860,4282.94,178.45583333333332,33.528,372.97872071574494,10,3,10.0,Corporate,East,1
SP-20920,3990.689,285.0492142857143,52.542,529.9574506789967,6,3,10.0,Consumer,East,1
SR-20425,3233.481,359.27566666666667,109.9,824.8900205942608,5,3,6.0,Home Office,West,1
SR-20740,4345.8859999999995,362.1571666666666,54.687,890.0168559506585,8,3,7.0,Home Office,Central,1
SS-20140,1324.028,63.04895238095238,25.92,97.48904753790356,8,3,9.0,Corporate,South,0
SS-20410,3056.8070000000002,254.7339166666667,65.715,388.258932417403,6,3,8.0,Consumer,Central,0
SS-20515,613.4,102.23333333333333,69.015,96.19779574744251,3,3,4.0,Home Office,South,0
SS-20590,418.49,46.49888888888889,17.43,63.96508568047972,6,3,6.0,Consumer,West,0
SS-20875,964.636,64.30906666666667,22.72,93.38272478314074,5,3,9.0,Consumer,East,0
ST-20530,433.34000000000003,36.11166666666667,27.546,35.54497372301318,7,3,7.0,Consumer,East,0
SU-20665,2595.364,144.1868888888889,36.665,247.84277297391324,7,3,10.0,Home Office,Central,0
SV-20365,7553.446,358.46718749999997,102.11099999999999,656.8648700069061,10,3,13.0,Consumer,East,1
SV-20785,4105.305,164.21220000000002,45.36,233.73733073616347,9,3,13.0,Consumer,East,0
SV-20815,1271.0900000000001,211.84833333333336,78.46900000000001,365.00155530280506,4,3,5.0,Corporate,Central,0
SV-20935,1903.491,146.4223846153846,67.86,171.99649076436532,8,3,8.0,Consumer,East,0
SW-20245,1085.078,108.5078,78.874,90.96894422188511,7,3,6.0,Consumer,East,0
SW-20275,1966.65,280.95,46.2,390.9501878330111,6,3,6.0,Consumer,East,0
SW-20350,1019.044,169.84066666666666,122.247,195.41325644558165,3,3,4.0,Home Office,Central,0
SW-20455,2835.564,354.4455,158.26,476.1824318253907,6,3,7.0,Consumer,West,1
SW-20755,758.6959999999999,94.83699999999999,27.965,196.47773922617435,2,3,7.0,Corporate,East,0
SZ-20035,3625.329,181.26645000000002,55.984,218.5445863964786,11,3,10.0,Home Office,Central,0
TA-21385,7553.446,532.65825,74.086,890.0168559506585,4,3,8.0,Home Office,Central,1
TB-21055,1451.361,85.37417647058824,48.48,93.69079114448448,4,3,10.0,Consumer,East,0
TB-21175,3589.296,326.29963636363635,51.984,697.9214583391561,4,3,8.0,Corporate,South,1
TB-21190,816.1740000000001,204.04350000000002,21.36,375.6778345990085,4,3,4.0,Home Office,West,0
TB-21250,1602.376,84.33557894736842,27.888,163.5026045807887,7,3,11.0,Consumer,West,0
TB-21280,2198.45,199.8590909090909,26.336,402.03222962679365,6,3,6.0,Consumer,East,0
TB-21355,834.328,64.17907692307692,34.75,80.78229085476339,5,3,8.0,Corporate,East,0
TB-21400,7553.446,532.65825,82.52000000000001,890.0168559506585,6,3,8.0,Consumer,West,1
TB-21520,4737.486,236.8743,46.379999999999995,677.7091826468824,9,3,10.0,Consumer,East,1
TB-21595,1240.871,248.1742,158.376,306.98211937863744,4,3,4.0,Consumer,Central,0
TB-21625,2797.668,186.5112,60.45,300.6764098407836,9,3,10.0,Consumer,East,0
TC-20980,7553.446,532.65825,34.165,890.0168559506585,5,3,7.0,Corporate,Central,1
TC-21145,1038.26,259.565,173.95,230.4811560627029,1,3,4.0,Corporate,East,0
TC-21295,4266.812,266.67575,110.21000000000001,415.7277115535279,8,3,11.0,Consumer,West,1
TC-21475,1244.976,113.17963636363638,43.56,141.21957739015699,9,3,8.0,Home Office,West,0
TC-21535,742.5580000000001,74.25580000000001,43.012,113.11165590178778,7,3,8.0,Home Office,West,0
TD-20995,1434.5480000000002,89.65925000000001,18.948,248.9750915615188,9,3,9.0,Consumer,Central,0
TG-21310,3058.372,339.8191111111111,137.94,403.3267445175327,5,3,8.0,Consumer,West,1
TG-21640,2074.661,207.4661,124.41,339.92443782518296,4,3,8.0,Consumer,West,0
TH-21100,2422.824,346.11771428571427,81.98,550.4496269286634,5,3,6.0,Consumer,West,1
TH-21115,2942.772,326.9746666666667,20.136,539.6260918080221,4,3,8.0,Corporate,East,1
TH-21235,1022.201,78.63084615384615,53.316,104.1392962813479,8,3,10.0,Corporate,Central,0
TH-21550,4234.0960000000005,325.6996923076923,128.82,447.50476648921193,7,3,8.0,Home Office,East,1
TM-21010,2819.026,187.93506666666664,27.18,366.38929706285023,7,3,10.0,Consumer,East,0
TM-21490,1094.6779999999999,273.66949999999997,173.95,221.19282481054097,3,3,4.0,Consumer,East,0
TN-21040,3130.221,260.85175,113.551,363.53022554443305,7,3,9.0,Home Office,West,1
TP-21130,4454.0560000000005,278.37850000000003,113.89500000000001,414.03379857043876,9,3,10.0,Consumer,Central,1
TP-21415,5329.0048,532.65825,70.562,890.0168559506585,5,3,7.0,Consumer,Central,1
TP-21565,1936.6399999999999,193.664,100.31200000000001,241.57893839028634,4,3,8.0,Corporate,West,0
TR-21325,675.9419999999999,96.56314285714284,43.13,112.81235740146639,5,3,5.0,Consumer,West,0
TS-21085,4.833,2.4165,2.4165,0.5536646096690665,2,3,1.5,Consumer,South,0
TS-21160,2163.6240000000003,127.27200000000002,38.088,174.35520251630004,6,3,11.0,Corporate,East,0
TS-21205,5371.09,282.68894736842105,87.54,543.3066873696736,7,3,8.0,Corporate,South,1
TS-21340,974.7819999999999,81.23183333333333,25.89,129.9271835353335,5,3,6.0,Consumer,West,0
TS-21370,7553.446,532.65825,173.95,890.0168559506585,6,3,10.0,Corporate,East,1
TS-21430,2054.14,293.4485714285714,30.36,507.98189128053804,5,3,5.0,Corporate,West,0
TS-21505,2243.274,160.23385714285715,89.798,197.37075518458116,6,3,8.0,Consumer,West,0
TS-21610,2820.424,256.4021818181818,63.312,404.57327317899245,7,3,6.0,Consumer,Central,0
TS-21655,3368.094,240.57814285714286,129.63,278.0006771507683,5,3,8.0,Consumer,Central,1
TT-21070,4915.602,351.11442857142856,125.376,627.3997023560162,7,3,9.0,Consumer,East,1
TT-21220,1427.0439999999999,95.13626666666666,25.488,144.16758697505318,8,3,7.0,Consumer,Central,0
TT-21265,439.5,146.5,61.44,152.97440178016714,3,3,2.0,Corporate,Central,0
TT-21460,5364.808,383.20057142857144,62.97,640.7073969233255,7,3,8.0,Home Office,Central,1
TW-21025,5278.826,439.9021666666667,152.325,715.7917313142057,7,3,8.0,Home Office,West,1
TZ-21580,1707.286,189.69844444444445,25.08,263.55544426131246,4,3,6.0,Consumer,West,0
VB-21745,2005.596,200.5596,25.484,285.3409047559311,6,3,7.0,Corporate,Central,0
VD-21670,6442.254,402.640875,173.95,413.9288007825943,6,3,9.0,Consumer,West,1
VF-21715,847.944,77.08581818181818,15.84,186.12922032922086,5,3,6.0,Home Office,West,0
VG-21790,846.01,105.75125,117.788,71.57471371481093,6,3,7.0,Consumer,West,0
VG-21805,418.432,83.6864,22.48,139.51427401094128,4,3,4.0,Corporate,Central,0
VM-21685,2454.866,204.57216666666667,46.385,389.0256617639495,7,3,7.0,Home Office,West,0
VM-21835,380.69,47.58625,25.502,48.893010864101456,5,3,6.0,Consumer,East,0
VP-21730,993.9019999999999,198.7804,83.56,215.82738904226218,3,3,3.0,Home Office,East,0
VP-21760,3360.526,240.03757142857143,50.18,486.1685361962319,7,3,9.0,Corporate,East,1
VS-21820,1055.981,131.997625,62.172,197.93469904991932,4,3,6.0,Consumer,Central,0
VT-21700,1736.596,192.9551111111111,98.112,231.35389254151553,2,3,7.0,Home Office,East,0
VW-21775,6134.0380000000005,340.77988888888893,94.792,451.7410102996796,10,3,13.0,Corporate,East,1
WB-21850,6129.71,175.13457142857143,65.44,243.9747780796548,10,3,13.0,Consumer,West,1
XP-21865,2374.658,84.80921428571428,43.452,99.79702490234762,11,3,9.0,Consumer,West,0
YC-21895,5454.35,532.65825,173.95,890.0168559506585,5,3,6.0,Corporate,Central,1
YS-21880,6720.4439999999995,532.65825,173.95,780.2185015095565,8,3,8.0,Corporate,West,1
ZC-21910,7553.446,258.8937741935484,43.92,443.08866556222586,13,3,12.0,Consumer,West,1
ZD-21925,1493.944,165.99377777777778,61.44,263.162267410137,5,3,6.0,Consumer,West,0
